{"cameraMode":{"drawMode":0,"name":"Shaded","section":"Shading Mode"},"sceneLighting":true,"audioPlay":false,"sceneViewState":{"showFog":true,"showMaterialUpdate":false,"showSkybox":true,"showFlares":true,"showImageEffects":true,"showParticleSystems":true},"in2DMode":false,"pivot":{"x":0.3009999990463257,"y":1.1200000047683716,"z":0.34299999475479128},"rotation":{"x":-0.05516279116272926,"y":0.9435418248176575,"z":-0.2550484240055084,"w":-0.2040700912475586},"size":2.4444186687469484,"orthographic":true}